[  
    {"name":"Ram", "email":"Ram@gmail.com", "gender": "male", "address": "Mumbai", "dob": 1132244122401, "updateTime": 1532244122401},  
    {"name":"Bob", "email":"bob32@gmail.com", "gender": "female", "address": "Mumbai", "dob": 1432244122401, "updateTime": 1532245122401},
    {"name":"Sam", "email":"Sam@gmail.com", "gender": "male", "address": "Mumbai", "dob": 1332244122401, "updateTime": 1534246122401},  
    {"name":"Nick", "email":"Nick@gmail.com", "gender": "male", "address": "Mumbai", "dob": 1032244122401, "updateTime": 1535247122401},
    {"name":"gaga", "email":"gaga@gmail.com", "gender": "female", "address": "Mumbai", "dob": 1632244122401, "updateTime": 1536248122401},  
    {"name":"Marvel", "email":"marvel@gmail.com", "gender": "female", "address": "Mumbai", "dob": 1232244122401, "updateTime": 1537249122401},
    {"name":"Ram2", "email":"Ram2@gmail.com", "gender": "male", "address": "Mumbai", "dob": 1132244122401, "updateTime": 1532244122401},  
    {"name":"Bob2", "email":"bob2@gmail.com", "gender": "female", "address": "Mumbai", "dob": 1432244122401, "updateTime": 1532245122401},
    {"name":"Sam2", "email":"Sam2@gmail.com", "gender": "male", "address": "Mumbai", "dob": 1332244122401, "updateTime": 1534246122401}
]  